{"data":{"swapi":{"allFilms":[{"id":"cj0nxmy3fga5s01148gf8iy3c","title":"A New Hope","director":"George Lucas","producers":["Gary Kurtz","Rick McCallum"],"releaseDate":"1977-05-25T00:00:00.000Z"},{"id":"cj0nxmy3xga5u0114fbqads8y","title":"Attack of the Clones","director":"George Lucas","producers":["Rick McCallum"],"releaseDate":"2002-05-16T00:00:00.000Z"},{"id":"cj0nxmy4gga5w011440y2pr36","title":"The Phantom Menace","director":"George Lucas","producers":["Rick McCallum"],"releaseDate":"1999-05-19T00:00:00.000Z"},{"id":"cj0nxmy4zga5y0114r8npxjx8","title":"Revenge of the Sith","director":"George Lucas","producers":["Rick McCallum"],"releaseDate":"2005-05-19T00:00:00.000Z"},{"id":"cj0nxmy5ega600114uiw05wle","title":"Return of the Jedi","director":"Richard Marquand","producers":["Howard G. Kazanjian","George Lucas","Rick McCallum"],"releaseDate":"1983-05-25T00:00:00.000Z"},{"id":"cj0nxmy5tga620114ew9275qj","title":"The Empire Strikes Back","director":"Irvin Kershner","producers":["Gary Kutz","Rick McCallum"],"releaseDate":"1980-05-17T00:00:00.000Z"},{"id":"cj0nxmy69ga640114e3eb7bn2","title":"The Force Awakens","director":"J. J. Abrams","producers":["Kathleen Kennedy","J. J. Abrams","Bryan Burk"],"releaseDate":"2015-12-11T00:00:00.000Z"}]}}}